{"cameraMode":{"drawMode":0,"name":"Shaded","section":"Shading Mode"},"sceneLighting":true,"audioPlay":false,"sceneViewState":{"m_AlwaysRefresh":false,"showFog":true,"showSkybox":true,"showFlares":true,"showImageEffects":true,"showParticleSystems":true,"showVisualEffectGraphs":true,"m_FxEnabled":true},"in2DMode":false,"pivot":{"x":4.721779823303223,"y":0.2629510164260864,"z":-10.290910720825196},"rotation":{"x":0.00726022245362401,"y":-0.2507869005203247,"z":0.0018809721805155278,"w":0.9680143594741821},"size":12.470402717590332,"orthographic":true}